video_id,title,description,url,channel,uploader,duration,view_count,upload_date,live_status
1Ai4KVORhV4,Tutorial Financial - Budgeting - Budget Project,"Budget Project di SIVENSYS ERP berfungsi untuk Membuat rencana anggaran secara spesifik berdasarkan proyek yang sedang berjalan, membantu perusahaan memantau alokasi dan realisasi anggaran...",https://www.youtube.com/watch?v=1Ai4KVORhV4,Sivensys ERP,Sivensys ERP,394.0,37,,
6JwhRdtB1zU,Tutorial Financial - Budgeting - Budget Create,"Budgeting, atau yang dalam Bahasa Indonesia disebut sebagai penganggaran, adalah suatu rencana yang disusun secara sistematis dan meliputi seluruh kegiatan perusahaan, dinyatakan dalam unit...",https://www.youtube.com/watch?v=6JwhRdtB1zU,Sivensys ERP,Sivensys ERP,454.0,10,,
2CetEReLeWY,Tutorial Financial - Budgeting - Budget Cross,Pindahkan anggaran antar akun atau periode dengan mudah menggunakan modul Budget Cross di SIVENSYS ERP! Solusi cerdas untuk mengelola pergeseran anggaran dan atasi kondisi overbudget tanpa...,https://www.youtube.com/watch?v=2CetEReLeWY,Sivensys ERP,Sivensys ERP,246.0,7,,
plxJ3pIKL54,Tutorial Financial - Budgeting - Budget Project Period,Dalam menyusun anggaran project tentunya ada periode atau masa penggunaan anggaran tersebut. Berbeda dengan Budget Administrasi Periode dimana periodenya disusun per tahun yang dibagi kedalam...,https://www.youtube.com/watch?v=plxJ3pIKL54,Sivensys ERP,Sivensys ERP,143.0,1,,
BvGE8Nb9uLU,Tutorial Financial - Budgeting - Budget Transaction,"Budget Transaction adalah menu untuk melakukan pemakaian budget project secara langsung tanpa proses melalui transaksi seperti Purchase Order, Disbursement Request dan yang lainnya dan update...",https://www.youtube.com/watch?v=BvGE8Nb9uLU,Sivensys ERP,Sivensys ERP,240.0,2,,
myH1hFx_7CE,Tutorial Financial - Budgeting - Budget Account Insert,"Budget Account Insert adalah fasilitas untuk menambah list account yang baru ke dalam Budgeting yang sedang berjalan dimana sebelumnya account tersebut tidak ada.

📲 Tertarik dengan SIVENSYS...",https://www.youtube.com/watch?v=myH1hFx_7CE,Sivensys ERP,Sivensys ERP,134.0,1,,
tfJn_H6GDbA,Tutorial Financial - Budgeting - Budget Periode,Dalam menyusun anggaran tentunya ada periode atau masa penggunaan anggaran tersebut. Misalnya anggaran yang ditentukan perusahaan dari 1 januari 2026 sampai dengan 31 Desember 2026 dengan breakdown...,https://www.youtube.com/watch?v=tfJn_H6GDbA,Sivensys ERP,Sivensys ERP,220.0,3,,
0cyLvHVbRzE,Tutorial Financial - Budgeting - Budget Account Maintenance,"Budget Account Maintenance adalah menu untuk mendaftarkan master data Cost Center yang mempunyai relasi dengan Account Budget, sehingga masing-masing dari Cost Center akan mempunyai list Account...",https://www.youtube.com/watch?v=0cyLvHVbRzE,Sivensys ERP,Sivensys ERP,209.0,1,,
GjPMwV-SNhw,Tutorial Financial - AR Invoice - AR Invoice Type,AR Type adalah menu yang digunakan untuk menambahkan data AR Type. Data AR Type yang ditambahkan akan muncul pada pilihan AR Type pada saat melakukan transaksi yang memerlukan informasi mengenai...,https://www.youtube.com/watch?v=GjPMwV-SNhw,Sivensys ERP,Sivensys ERP,187.0,3,,
PR2Kze0sQ4M,Tutorial Master Data - Item - Location Account,"Location Account digunakan untuk mengatur perbedaan akun akuntansi berdasarkan lokasi penyimpanan (warehouse/location) untuk setiap Product Line.
Secara default, pengaturan akun pada Product...",https://www.youtube.com/watch?v=PR2Kze0sQ4M,Sivensys ERP,Sivensys ERP,176.0,1,,
hpdTPkhKLoQ,Tutorial Administrative Tools - Role,"Menu Role digunakan untuk mengelola hak akses pengguna (user) dalam sistem SIVENSYS ERP dengan cara menggabungkan dua fungsi utama, yaitu:
- Group User (pengelompokan user berdasarkan hak akses),...",https://www.youtube.com/watch?v=hpdTPkhKLoQ,Sivensys ERP,Sivensys ERP,317.0,3,,
b2KFycFPii4,Tutorial Financial - General Ledger - Balance of Account Insert Account,"Balance Of Account Insert adalah menu yang digunakan untuk menambahkan kode akun baru pada periode yang sebelumnya belum ada kode akun tersebut. Maksudnya, jika pada periode tersebut belum...",https://www.youtube.com/watch?v=b2KFycFPii4,Sivensys ERP,Sivensys ERP,209.0,2,,
MrsqhyIiNc0,Tutorial Sales Order - Delivery Order Summary - Vehicle Type,"Menu Vehicle Type digunakan untuk mendefinisikan jenis kendaraan yang digunakan dalam kegiatan operasional perusahaan, khususnya pada proses Sales Order Shipment dan Delivery Order Summary....",https://www.youtube.com/watch?v=MrsqhyIiNc0,Sivensys ERP,Sivensys ERP,196.0,2,,
55kjtiGrtGs,Tutorial Sales Order - Delivery Order Summary - Vehicle,"Menu Vehicle digunakan untuk mendefinisikan data kendaraan operasional yang digunakan oleh perusahaan, khususnya untuk keperluan pengiriman barang (Delivery Order).

Data kendaraan yang dimasukkan...",https://www.youtube.com/watch?v=55kjtiGrtGs,Sivensys ERP,Sivensys ERP,173.0,3,,
6tMX3KARxfc,Tutorial Financial - AR Invoice - AR Payment Giro Confirm,AR Payment Giro Confirm adalah menu yang digunakan untuk mencatat pencairan Bilyet Giro yang yang berhasil masuk ke dalam rekening perusahaan. AR Payment Giro Confirm dilakukan apabila ada...,https://www.youtube.com/watch?v=6tMX3KARxfc,Sivensys ERP,Sivensys ERP,301.0,4,,
2AxIG4lZ9os,Tutorial Distribution - Bill Of Quantity Generate PR,Bill of Quantity Generate PR (BOQ Generate PR) digunakan untuk menghasilkan (generate) dokumen Purchase Requisition (PR) secara otomatis berdasarkan data Bill of Quantity (BOQ) yang telah dibuat...,https://www.youtube.com/watch?v=2AxIG4lZ9os,Sivensys ERP,Sivensys ERP,217.0,2,,
FYvQUFdsUh4,Tutorial Distribution - Bill Of Quantity,"Bill of Quantity (BOQ) digunakan untuk mendefinisikan kebutuhan material (Raw Material (RM)) dan hasil akhir (Finished Goods (FG)) dari suatu proyek atau pekerjaan tertentu.

BOQ berfungsi...",https://www.youtube.com/watch?v=FYvQUFdsUh4,Sivensys ERP,Sivensys ERP,270.0,4,,
5YAyawg56dY,Tutorial Master Data - Address - Contact Person Function,"Contact Person Function digunakan untuk mendefinisikan fungsi atau peran dari setiap contact person yang berhubungan dengan Customer maupun Supplier.
Fungsi ini membantu membedakan tanggung...",https://www.youtube.com/watch?v=5YAyawg56dY,Sivensys ERP,Sivensys ERP,183.0,3,,
_UDp6D04qwM,Tutorial  Financial - Financial Control File,"Financial Control File menu untuk mengatur setingan / konfigurasi yang berkaitan dengan modul Financial.

📲 Tertarik dengan SIVENSYS ERP? 
Hubungi: 0811-1112-0535 (SysSetiadi)

#SIVENSYSERP...",https://www.youtube.com/watch?v=_UDp6D04qwM,Sivensys ERP,Sivensys ERP,444.0,3,,
XTwcDtZz3QI,Tutorial Financial - Asset Management - Fix Asset Transaction Post,"Fix Asset Transaction Post adalah  menu untuk melakukan depresiasi Asset, untuk nilai depresiasinya sudah dihitungkan secara otomatis oleh system mengikuti kepada Fix Asset Method yang sudah...",https://www.youtube.com/watch?v=XTwcDtZz3QI,Sivensys ERP,Sivensys ERP,219.0,8,,
aHjWBpDrUjo,Tutorial Financial - Multiple Currency - Payment Type,"Payment Type adalah menu yang digunakan untuk menambahkan data payment type. Payment type sendiri didefinisikan sebagai bentuk pembayaran yang dilakukan atas sebuah transaksi seperti Cash,...",https://www.youtube.com/watch?v=aHjWBpDrUjo,Sivensys ERP,Sivensys ERP,215.0,4,,
7dhUDgWHf4Q,Tutorial Financial - General Ledger - Foreign Exchange Revaluation,"Foreign Exchange Revaluation adalah menu untuk menghitung selisih nilai tukar mata uang asing atas transaksi yang terjadi dibandingkan dengan nilai tukar pada akhir periode, dan secara otomatis...",https://www.youtube.com/watch?v=7dhUDgWHf4Q,Sivensys ERP,Sivensys ERP,399.0,3,,
jCERc4iatPQ,Tutorial Financial - AP Invoice - AP Aging List,"AP Aging List adalah menu yang digunakan untuk menambahkan daftar umur hutang (0-14, 15-21, 21-30, 31-60 dst). AP Aging List ini menjadi master data bagi menu AP Aging Report tab Aging By Range...",https://www.youtube.com/watch?v=jCERc4iatPQ,Sivensys ERP,Sivensys ERP,251.0,4,,
lGQp45hgZRk,Tutorial Distribution - Distribution Control File,"Distribution Control File menu untuk mengatur setingan / konfigurasi yang berkaitan dengan module Distribution.

📲 Tertarik dengan SIVENSYS ERP?
Hubungi: 0811-1112-0535 (SysSetiadi)

#SIVENSYSER...",https://www.youtube.com/watch?v=lGQp45hgZRk,Sivensys ERP,Sivensys ERP,947.0,4,,
_WXExijGBKY,Tutorial Financial - AP Invoice - AP Invoice Exchange,AP Invoice Exchange adalah pencatatan penerimaan invoice dari Supplier yang digunakan untuk membuat rencana pembayaran hutang kepada Supplier atas satu atau beberapa invoice yang merupakan...,https://www.youtube.com/watch?v=_WXExijGBKY,Sivensys ERP,Sivensys ERP,271.0,6,,
EwtHXZzXY7E,Tutorial Financial - AP Invoice -  AP Type,"Modul AP Type di SIVENSYS ERP berfungsi untuk menambahkan dan mengelompokkan jenis hutang usaha, seperti hutang bahan baku, hutang ekspedisi, hutang jasa, dan kategori lainnya. Data AP Type...",https://www.youtube.com/watch?v=EwtHXZzXY7E,Sivensys ERP,Sivensys ERP,151.0,7,,
vI-VYV5fQJI,Tutorial Financial - AR Invoice - AR Payment,"Penting bagi setiap perusahaan untuk memastikan arus kas masuk (piutang) tercatat dan terlacak dengan sempurna.

Tonton tutorial ini untuk mempelajari cara menggunakan modul AR Invoice dan...",https://www.youtube.com/watch?v=vI-VYV5fQJI,Sivensys ERP,Sivensys ERP,642.0,34,,
f3xlhpwIsew,Tutorial Sales Order - Sales Order Control File,"Modul Sales Order Control File adalah kunci utama untuk mengonfigurasi dan mengatur semua parameter bisnis pada modul Penjualan Anda di SIVENSYS ERP. Pelajari cara:
- Menentukan Default Value...",https://www.youtube.com/watch?v=f3xlhpwIsew,Sivensys ERP,Sivensys ERP,827.0,10,,
DaRf0REw4pc,Tutorial Sales Order - Sales Order Return Reason,Retur penjualan adalah bagian tak terpisahkan dari bisnis. Pahami penyebabnya dengan modul Sales Order Return Reason di SIVENSYS ERP! Modul ini berfungsi untuk mencatat semua alasan terjadinya...,https://www.youtube.com/watch?v=DaRf0REw4pc,Sivensys ERP,Sivensys ERP,148.0,5,,
LJe8YLwveaY,Tutorial Distribution - Inspection - Inspection Reject Reason,Pernahkah Anda bertanya-tanya mengapa barang sering ditolak saat inspeksi? Modul Inspection Reject Reason di SIVENSYS ERP berfungsi untuk mencatat dan mendefinisikan semua alasan terjadinya...,https://www.youtube.com/watch?v=LJe8YLwveaY,Sivensys ERP,Sivensys ERP,216.0,9,,
bmnM7ozlszA,Tutorial Distribution - Inventory - Report - Inventory Report By Date,Pelajari cara menggunakan modul Inventory Report By Date di SIVENSYS ERP! Modul ini sangat penting untuk menampilkan laporan persediaan barang pada periode atau tanggal tertentu. Semua transaksi...,https://www.youtube.com/watch?v=bmnM7ozlszA,Sivensys ERP,Sivensys ERP,282.0,7,,
d8nQQPE8NDk,Tutorial Distribution - Inventory - Report - Inventory Safety Stock Report,Modul Inventory Safety Stock Report di SIVENSYS ERP berfungsi untuk menampilkan laporan kondisi stok barang yang berada di bawah batas aman (Safety Stock). Laporan ini adalah peringatan dini...,https://www.youtube.com/watch?v=d8nQQPE8NDk,Sivensys ERP,Sivensys ERP,228.0,9,,
dF6LGLLr-bw,Tutorial Distribution - Inventory - Report - Inventory History,Modul Inventory History Report di SIVENSYS ERP adalah laporan yang berfungsi untuk melacak semua pergerakan dan riwayat transaksi setiap item inventori yang terjadi dalam periode tertentu....,https://www.youtube.com/watch?v=dF6LGLLr-bw,Sivensys ERP,Sivensys ERP,291.0,7,,
sALXtjnZnJc,Tutorial Distribution - Inventory - Inventory Disassemble,Modul Inventory Disassemble (Pembongkaran Inventori) di SIVENSYS ERP digunakan untuk memecah satu item barang jadi atau barang setengah jadi menjadi beberapa item komponen. Modul ini adalah...,https://www.youtube.com/watch?v=sALXtjnZnJc,Sivensys ERP,Sivensys ERP,399.0,6,,
sf59cbuIRrg,Tutorial Distribution - Inventory - Inventory Assemble,Modul Inventory Assemble (Perakitan Inventori) di SIVENSYS ERP digunakan untuk mencatat proses perakitan dari beberapa komponen barang (component) menjadi satu barang hasil rakitan (assembly...,https://www.youtube.com/watch?v=sf59cbuIRrg,Sivensys ERP,Sivensys ERP,397.0,7,,
iC1CwgET4L8,Tutorial Distribution - Inventory - Transfer Issue Type,Modul Transfer Issue Type adalah bagian dari Master Data yang sangat penting untuk mengatur berbagai jenis pengiriman transfer inventori antar gudang atau antar entitas di SIVENSYS ERP. Pengaturan...,https://www.youtube.com/watch?v=iC1CwgET4L8,Sivensys ERP,Sivensys ERP,177.0,3,,
McTGozeDs00,Tutorial Distribution - Purchase Order - Purchase Return Reason,Modul Purchase Order Return Reason di SIVENSYS ERP digunakan untuk mendefinisikan dan mengelompokkan berbagai alasan terjadinya pengembalian barang (return) pada transaksi Purchase Order Return....,https://www.youtube.com/watch?v=McTGozeDs00,Sivensys ERP,Sivensys ERP,213.0,11,,
vrHEL7UD4mQ,Tutorial Distribution - Purchase Order - Purchase Order Type,Modul Purchase Order Type (Tipe PO) adalah bagian dari Master Data yang sangat penting untuk mengatur dan mengelompokkan berbagai jenis pesanan pembelian di SIVENSYS ERP. Pengaturan tipe PO...,https://www.youtube.com/watch?v=vrHEL7UD4mQ,Sivensys ERP,Sivensys ERP,176.0,12,,
0ehGuc0HljE,Tutorial Administrative Tools - Audit Trail,Modul Audit Trail di SIVENSYS ERP adalah fitur penting yang berfungsi sebagai buku besar digital untuk mencatat semua aktivitas dan perubahan data yang dilakukan oleh pengguna di dalam sistem....,https://www.youtube.com/watch?v=0ehGuc0HljE,Sivensys ERP,Sivensys ERP,156.0,8,,
DYjE9DpcA_0,Tutorial Administrative Tools - Menu Authorization,"Modul Menu Authorization di SIVENSYS ERP adalah modul krusial yang berfungsi untuk mengatur hak akses menu (read, insert, update, delete) bagi setiap kelompok pengguna (User Group) yang telah...",https://www.youtube.com/watch?v=DYjE9DpcA_0,Sivensys ERP,Sivensys ERP,222.0,3,,
nci6rVpK6xk,Tutorial Administrative Tools - User Maintenance,Modul User Maintenance di SIVENSYS ERP adalah modul utama yang digunakan untuk mengelola data semua pengguna (user) yang memiliki akses ke dalam sistem. Pengaturan di modul ini sangat penting...,https://www.youtube.com/watch?v=nci6rVpK6xk,Sivensys ERP,Sivensys ERP,257.0,10,,
Z50kIWUHueQ,Tutorial Administrative Tools - Group Maintenance,Modul Group Maintenance di SIVENSYS ERP digunakan untuk membuat pengelompokan pengguna (user) berdasarkan hak akses menu dan fungsi di dalam sistem. Modul ini merupakan langkah penting dalam...,https://www.youtube.com/watch?v=Z50kIWUHueQ,Sivensys ERP,Sivensys ERP,179.0,3,,
AqFtZy3_-7Y,Tutorial Financial - Multiple Currency - Bilyet Giro Change Status,"Modul Bilyet Giro Change Status di SIVENSYS ERP digunakan untuk mencatat dan mengubah status Bilyet Giro (BG) yang telah digunakan dalam transaksi pembayaran (AP Payment, Cash Out, atau Overbooking...",https://www.youtube.com/watch?v=AqFtZy3_-7Y,Sivensys ERP,Sivensys ERP,190.0,5,,
sooJBwjeP9s,Tutorial Financial - Multiple Currency - Bilyet Giro,Modul Bilyet Giro (BG) di SIVENSYS ERP digunakan untuk mendaftarkan dan mengelola nomor-nomor Bilyet Giro atau Cek fisik yang nantinya akan digunakan dalam berbagai transaksi pembayaran. Bilyet...,https://www.youtube.com/watch?v=sooJBwjeP9s,Sivensys ERP,Sivensys ERP,217.0,10,,
9YN3NbRyNS4,Tutorial Distribution - Inventory - Inventory Transfer Receipt (with lot serial & non lot serial),Modul Inventory Transfer Receipt di SIVENSYS ERP digunakan untuk mencatat konfirmasi penerimaan barang/inventori yang dikirim dari gudang atau entitas lain dalam perusahaan. Modul ini merupakan...,https://www.youtube.com/watch?v=9YN3NbRyNS4,Sivensys ERP,Sivensys ERP,386.0,4,,
jH-bV4zKLJ0,Tutorial Distribution - Inventory - Inventory Receipt (With Lot atau non Lot),"Modul Inventory Receipt di SIVENSYS ERP adalah fitur yang digunakan untuk mencatat setiap transaksi penerimaan barang/inventori ke dalam gudang, baik yang berasal dari pembelian lokal, impor,...",https://www.youtube.com/watch?v=jH-bV4zKLJ0,Sivensys ERP,Sivensys ERP,341.0,3,,
9QIiaYLBZzk,Tutorial Master Data  Company - Front End Setting,Modul Front End Column Setting adalah fitur penting di SIVENSYS ERP yang memungkinkan administrator sistem untuk mengatur status kolom pada formulir atau menu transaksi tertentu. Tujuan utama...,https://www.youtube.com/watch?v=9QIiaYLBZzk,Sivensys ERP,Sivensys ERP,308.0,16,,
BddpvCV_dUw,Tutorial Financial - Cash Management - Overbooking,"Modul Overbooking di SIVENSYS ERP digunakan untuk mencatat transaksi perpindahan uang tunai dari satu kas ke kas lain, atau dari satu bank ke bank lain, termasuk pemindahan dari kas cabang...",https://www.youtube.com/watch?v=BddpvCV_dUw,Sivensys ERP,Sivensys ERP,329.0,10,,
HWojquFyo3k,Tutorial Financial - Cash Management - Cash Out,Modul Cash Out di SIVENSYS ERP adalah fitur yang dirancang untuk mencatat semua transaksi pengeluaran kas atau bank perusahaan yang tidak terkait langsung dengan pembelian barang. Pengeluaran...,https://www.youtube.com/watch?v=HWojquFyo3k,Sivensys ERP,Sivensys ERP,298.0,4,,
768QtOnUDs8,Tutorial Financial - Cash Management - Cash In,Modul Cash In di SIVENSYS ERP adalah fitur yang digunakan untuk mencatat seluruh pendapatan atau uang masuk perusahaan yang berasal dari pendapatan lain-lain di luar hasil penjualan. Contoh...,https://www.youtube.com/watch?v=768QtOnUDs8,Sivensys ERP,Sivensys ERP,321.0,4,,
_HbO2SRrRr8,Tutorial Financial - General Ledger - Month End Adjustment Transaction,"Dalam video tutorial ini, kami membahas modul Month End Adjustment Transaction di menu Financial - General Ledger dalam SIVENSYS ERP.

Modul ini digunakan untuk melakukan proses penutupan periode...",https://www.youtube.com/watch?v=_HbO2SRrRr8,Sivensys ERP,Sivensys ERP,291.0,11,,
nTAM9DblLuI,Tutorial Financial - General Ledger - Transaction Post Update,"Video ini membahas modul Transaction Post Update yang ada di menu Financial - General Ledger dalam SIVENSYS ERP.

Modul ini berfungsi untuk melakukan perubahan, koreksi, atau update data jurnal...",https://www.youtube.com/watch?v=nTAM9DblLuI,Sivensys ERP,Sivensys ERP,191.0,6,,
aUEWWOSpMCM,Tutorial Financial - General Ledger - Transaction Post,"Dalam video tutorial ini, kami membahas modul Transaction Post yang ada di menu Financial - General Ledger dalam SIVENSYS ERP.

Menu ini berfungsi untuk menampung semua jurnal yang terbentuk...",https://www.youtube.com/watch?v=aUEWWOSpMCM,Sivensys ERP,Sivensys ERP,204.0,9,,
xgjDEX4t9nE,Tutorial Financial - General Ledger - Standard Transaction,"Dalam video tutorial ini, kami membahas modul Standard Transaction di menu General Ledger dalam SIVENSYS ERP.

Modul ini digunakan untuk menginput jurnal akuntansi secara manual, mengakomodasi...",https://www.youtube.com/watch?v=xgjDEX4t9nE,Sivensys ERP,Sivensys ERP,318.0,4,,
7-pFlTn72p8,Tutorial Financial - General Ledger - Balance of Account,"Dalam video tutorial ini, kami membahas modul Balance of Account di menu General Ledger dalam SIVENSYS ERP.

Balance of Account adalah menu yang digunakan untuk menampung dan mengikhtisarkan...",https://www.youtube.com/watch?v=7-pFlTn72p8,Sivensys ERP,Sivensys ERP,235.0,12,,
y6uthBIeY5A,Tutorial Financial - Asset Management - Fix Asset Retirement,"Dalam video tutorial ini, kami membahas modul Fixed Asset Retirement di menu Financial - Asset Management dalam SIVENSYS ERP.

Modul ini digunakan untuk melakukan proses penghapusan atau penjualan...",https://www.youtube.com/watch?v=y6uthBIeY5A,Sivensys ERP,Sivensys ERP,321.0,9,,
aLsOpSHTXbA,Tutorial Financial - Asset Management - Fix Asset Retirement Reason,"Dalam video tutorial ini, kami membahas modul Retirement Reason di menu Financial - Asset Management dalam SIVENSYS ERP.

Modul ini digunakan untuk mencatat alasan mengapa suatu aset harus...",https://www.youtube.com/watch?v=aLsOpSHTXbA,Sivensys ERP,Sivensys ERP,174.0,4,,
v81Atpm0d38,Tutorial Financial - Asset Management - Fix Asset Retirement Type,"Dalam video tutorial ini, kami membahas modul Retirement Type yang terdapat di menu Financial - Asset Management dalam SIVENSYS ERP.

Modul ini digunakan untuk mencatat master data alasan atau...",https://www.youtube.com/watch?v=v81Atpm0d38,Sivensys ERP,Sivensys ERP,176.0,4,,
CNGqmx-Slwc,Tutorial Financial - Asset Management - Fix Asset Return,"Dalam video tutorial ini, kami membahas modul Fix Asset Return di menu Financial - Asset Management dalam SIVENSYS ERP.

Modul Fix Asset Return digunakan untuk mencatat proses pengembalian...",https://www.youtube.com/watch?v=CNGqmx-Slwc,Sivensys ERP,Sivensys ERP,276.0,5,,
QYCFKFo7EJI,Tutorial Financial - Asset Management - Fix Asset Return Reason Code,"Dalam video tutorial ini, kami membahas modul Fixed Asset Return Reason Code di menu Financial - Asset Management dalam SIVENSYS ERP.

Fixed Asset Return Reason Code adalah masterlist yang...",https://www.youtube.com/watch?v=QYCFKFo7EJI,Sivensys ERP,Sivensys ERP,201.0,4,,
dXI9gqyhuAA,Tutorial Financial - Asset Management - Fix Asset Assignment,"Dalam video tutorial ini, kami membahas modul Fix Asset Assignment di menu Financial - Asset Management dalam SIVENSYS ERP.

Modul Fix Asset Assignment digunakan untuk mendistribusikan atau...",https://www.youtube.com/watch?v=dXI9gqyhuAA,Sivensys ERP,Sivensys ERP,283.0,5,,
mh8W41o99lM,Tutorial Financial - Asset Management - Fix Asset Confirm,"Dalam video tutorial ini, kami akan menjelaskan langkah-langkah penting dalam proses Fix Asset Confirm di modul Financial - Asset Management SIVENSYS ERP.

Fungsi Fix Asset Confirm adalah untuk...",https://www.youtube.com/watch?v=mh8W41o99lM,Sivensys ERP,Sivensys ERP,225.0,3,,
Qq_WzQ3M6Y4,Tutorial Financial - Asset Management - Fix Asset Manual Registration,"Dalam video tutorial ini, kami membahas modul Fix Asset Manual Registration di menu Financial - Asset Management dalam SIVENSYS ERP.

Modul ini digunakan untuk mencatat, mengelola, dan memonitor...",https://www.youtube.com/watch?v=Qq_WzQ3M6Y4,Sivensys ERP,Sivensys ERP,222.0,10,,
doU1MYsgvLo,Tutorial Purchase Order Asset dan Fix Asset Master Financial,"Dalam video tutorial ini, kami akan membahas secara mendalam proses pembuatan Purchase Order (PO) untuk aset dan pengelolaan Fixed Asset Master di modul Financial SIVENSYS ERP.

Video ini sangat...",https://www.youtube.com/watch?v=doU1MYsgvLo,Sivensys ERP,Sivensys ERP,636.0,25,,
w8zO7IlFaYE,Tutorial Financial - Asset Management - License Type,"Dalam video tutorial ini, kami membahas modul License Type yang terdapat di menu Financial - Asset Management dalam SIVENSYS ERP.

License Type adalah menu yang digunakan untuk mencatat tipe...",https://www.youtube.com/watch?v=w8zO7IlFaYE,Sivensys ERP,Sivensys ERP,138.0,4,,
edzfV7ZrMUM,Tutorial Financial - Asset Management - Purchase Status,"Dalam video tutorial ini, kami membahas modul Purchase Status yang terdapat di menu Financial - Asset Management dalam SIVENSYS ERP.

Purchase Status adalah data master yang digunakan untuk...",https://www.youtube.com/watch?v=edzfV7ZrMUM,Sivensys ERP,Sivensys ERP,170.0,6,,
AYOYKYakSag,Tutorial Manufacturing - Shop Floor Control - Labor Feedback Per Work Order,"Dalam video tutorial ini, kami akan memandu Anda melalui modul Labor Feedback Per Work Order yang merupakan bagian dari Shop Floor Control di SIVENSYS ERP.

Modul ini sangat penting untuk mencatat...",https://www.youtube.com/watch?v=AYOYKYakSag,Sivensys ERP,Sivensys ERP,411.0,8,,
aLqAYYzRtaI,Tutorial Manufacturing - Shop Floor Control - Down Time Reason,"Dalam video tutorial ini, kami membahas modul Downtime Reason dalam SIVENSYS ERP. Modul ini digunakan untuk mencatat dan mengelola penyebab penghentian sementara proses produksi (downtime)....",https://www.youtube.com/watch?v=aLqAYYzRtaI,Sivensys ERP,Sivensys ERP,182.0,9,,
IoMpcdr8Jvo,Tutorial Manufacturing - Work Order - WIP Inventory Issue,"Penting! Video tutorial ini menjelaskan cara menggunakan modul WIP Inventory Issue di SIVENSYS ERP, yang digunakan untuk penyesuaian stok.

Modul ini berfungsi untuk mengeluarkan persediaan...",https://www.youtube.com/watch?v=IoMpcdr8Jvo,Sivensys ERP,Sivensys ERP,251.0,20,,
RdOA1F2ChLU,Tutorial Manufacturing - Work Order - WIP Inventory Return,"Pelajari langkah-langkah lengkap menggunakan modul WIP Inventory Return di SIVENSYS ERP!

Modul ini berfungsi untuk mencatat pengembalian material yang tidak terpakai atau berlebih dari lokasi...",https://www.youtube.com/watch?v=RdOA1F2ChLU,Sivensys ERP,Sivensys ERP,226.0,11,,
uDcO7DzO8zE,Tutorial Manufacturing - Work Order - WIP Inventory Receipt,"Produk setengah jadi (Semi Finished Goods) atau Produk Jadi (Finished Goods) sudah selesai diproduksi? Saatnya mencatatnya ke gudang!

Video tutorial ini menjelaskan cara menggunakan modul...",https://www.youtube.com/watch?v=uDcO7DzO8zE,Sivensys ERP,Sivensys ERP,264.0,13,,
j8Zs_UTJj3g,Tutorial Manufacturing - Work Order - Work Order Receipt,"Video ini adalah tutorial mengenai modul ""Work Order Receipt"" di SIVENSYS ERP, yang berfungsi untuk mencatat penerimaan hasil produksi, pemakaian material WIP (Work In Progress), serta proses...",https://www.youtube.com/watch?v=j8Zs_UTJj3g,Sivensys ERP,Sivensys ERP,407.0,9,,
MyC8seOcDCo,Tutorial Manufacturing - Work Order - Work Order Component Issue,"Video ini membahas modul Work Order Component Issue di SIVENSYS ERP. 
Pelajari cara mencatat pengeluaran bahan dari gudang ke area produksi, baik berdasarkan Work Order Material Request atau...",https://www.youtube.com/watch?v=MyC8seOcDCo,Sivensys ERP,Sivensys ERP,348.0,8,,
QD82F7R5XdM,Tutorial Manufacturing - Work Order - Work Order Routing Maintenance,"Apakah proses produksi Anda membutuhkan langkah tambahan atau penyesuaian alur kerja mendadak (seperti rework)?

Video tutorial ini menjelaskan cara menggunakan modul Work Order Routing Maintenance...",https://www.youtube.com/watch?v=QD82F7R5XdM,Sivensys ERP,Sivensys ERP,216.0,9,,
LfFyeDXmBms,Tutorial Manufacturing - Work Order - Work Order Bill Maintenance,"Apakah Anda sering mengalami kekurangan bahan baku saat produksi berjalan akibat kesalahan perencanaan atau kegagalan material?

Video tutorial ini menjelaskan cara menggunakan modul Work Order...",https://www.youtube.com/watch?v=LfFyeDXmBms,Sivensys ERP,Sivensys ERP,176.0,8,,
tkOZG6HLV-A,Tutorial Manufacturing  - Work Order - Work Order Material Request,"Setelah Work Order di-rilis (released), langkah selanjutnya adalah memastikan material tersedia di lantai produksi.

Video tutorial ini (4:07) akan memandu Anda cara membuat Permintaan Material...",https://www.youtube.com/watch?v=tkOZG6HLV-A,Sivensys ERP,Sivensys ERP,247.0,10,,
ebrW4MK0NOU,Tutorial Manufacturing - Work Order - Work Order Release,"Setelah Work Order selesai dibuat, langkah selanjutnya yang krusial adalah Work Order Release.

Video tutorial ini (4:17) menjelaskan cara melepaskan (release) Work Order yang telah direncanakan...",https://www.youtube.com/watch?v=ebrW4MK0NOU,Sivensys ERP,Sivensys ERP,257.0,7,,
kSUvfzskI2c,Tutorial Manufacturing - Work Order,"Work Order (Perintah Kerja) adalah dokumen krusial yang secara resmi memulai proses produksi.

Video tutorial ini (7:14) akan memandu Anda langkah demi langkah cara membuat, mengelola, hingga...",https://www.youtube.com/watch?v=kSUvfzskI2c,Sivensys ERP,Sivensys ERP,434.0,14,,
leoRGtP-144,Tutorial Manufacturing - Routing / Work Center - Routing,"Bagaimana cara Anda mendefinisikan urutan langkah kerja, dari mesin ke mesin, untuk menghasilkan produk akhir?

Video tutorial ini (4:26) adalah panduan esensial untuk tim perencanaan produksi....",https://www.youtube.com/watch?v=leoRGtP-144,Sivensys ERP,Sivensys ERP,266.0,9,,
_h9R7lvSBaE,Tutorial Manufacturing - Routing / Work Center - Work Center,"Apakah Anda ingin mengatur dan memetakan semua lokasi atau mesin produksi Anda secara terperinci?

Video tutorial ini (2:58) adalah panduan langkah demi langkah cara mengisi dan mengelola Master...",https://www.youtube.com/watch?v=_h9R7lvSBaE,Sivensys ERP,Sivensys ERP,178.0,6,,
hntNuVCtYFw,Tutorial Manufacturing - Routing / Work Center - Tool Master,"Apakah Anda ingin mengelola dan melacak semua alat bantu produksi Anda secara terpusat?

Video tutorial singkat (2:28) ini akan memandu Anda langkah demi langkah cara mengisi dan mengelola...",https://www.youtube.com/watch?v=hntNuVCtYFw,Sivensys ERP,Sivensys ERP,148.0,10,,
AWO0DSsd6yE,Tutorial Manufacturing - Product Structure - Simulated Picklist,"Ingin tahu seberapa banyak bahan baku yang harus Anda siapkan untuk pesanan produksi mendatang?

Video tutorial ini adalah panduan krusial untuk tim gudang dan perencanaan produksi. Kami akan...",https://www.youtube.com/watch?v=AWO0DSsd6yE,Sivensys ERP,Sivensys ERP,187.0,8,,
L_YZlwLItDY,Tutorial Manufacturing - Product Structure - Simulated Multi Picklist,"Ingin menghitung total kebutuhan bahan baku untuk beberapa produk sekaligus?

Video tutorial ini (3:42) akan memandu Anda menggunakan modul Simulated Multi Picklist pada SIVENSYS ERP. Fitur...",https://www.youtube.com/watch?v=L_YZlwLItDY,Sivensys ERP,Sivensys ERP,222.0,5,,
v2YLL4U_zDo,Tutorial Manufacturing - Product Structure - Where In Used Report,"Apakah Anda perlu mengetahui di produk akhir mana saja suatu komponen spesifik (misalnya: Botol Jus, baut, atau bahan baku tertentu) digunakan?

Video tutorial singkat ini (2:20) menjelaskan...",https://www.youtube.com/watch?v=v2YLL4U_zDo,Sivensys ERP,Sivensys ERP,140.0,5,,
d4Zj-1SxtDo,Tutorial Manufacturing - Product Structure,"Apakah Anda kesulitan dalam mendefinisikan resep atau struktur komponen produk Anda?

Video tutorial manufaktur ini akan memandu Anda langkah demi langkah (5:48) cara membuat Product Structure...",https://www.youtube.com/watch?v=d4Zj-1SxtDo,Sivensys ERP,Sivensys ERP,348.0,12,,
uno5Tc7bmuo,Tutorial Sales Order - Delivery Order Summary,"Jangan lagi bingung melacak progress pengiriman!

Video tutorial singkat (6:56) ini menjelaskan secara rinci cara melihat dan menganalisis Ringkasan Sales Order (SO) dan Delivery Order (DO)...",https://www.youtube.com/watch?v=uno5Tc7bmuo,Sivensys ERP,Sivensys ERP,416.0,23,,
6cRvJajFsP0,Tutorial Sales Order - Sales Order Recapitulation,"Selamat datang di video tutorial SIVENSYS!

Video kali ini membahas modul Sales Order Recapitulation. Menu ini digunakan untuk merekapitulasi data dari beberapa Sales Order untuk dijadikan...",https://www.youtube.com/watch?v=6cRvJajFsP0,Sivensys ERP,Sivensys ERP,251.0,7,,
dHpvb6QvRxc,Tutorial Sales Order - Sales Order Group,"Selamat datang di video tutorial SIVENSYS!

Video kali ini membahas modul Sales Order Group, sebuah fitur penting di SIVENSYS ERP. Sales Order Group adalah fitur yang digunakan untuk melakukan...",https://www.youtube.com/watch?v=dHpvb6QvRxc,Sivensys ERP,Sivensys ERP,145.0,5,,
cjVw_fu4x7g,Tutorial Sales Order - Sales Order Gift,"Selamat datang di video tutorial SIVENSYS!

Video ini akan memandu Anda dalam menggunakan modul Sales Order Gift di SIVENSYS ERP. Fitur ini dirancang untuk memproses dan mengelola pengiriman...",https://www.youtube.com/watch?v=cjVw_fu4x7g,Sivensys ERP,Sivensys ERP,427.0,8,,
oIhfyXZfMSo,Tutorial Sales Order - Sales Order Gift Request,"Selamat datang di video tutorial SIVENSYS!

Video kali ini membahas modul Sales Order Gift Request, sebuah menu yang digunakan untuk mencatat permintaan barang yang akan dijadikan sampel atau...",https://www.youtube.com/watch?v=oIhfyXZfMSo,Sivensys ERP,Sivensys ERP,256.0,5,,
B8JeNa9YHe4,Tutorial Financial - AR Invoice -  AR Invoice Exchange,"Ingin administrasi piutang lebih rapi dan memastikan jadwal pembayaran yang pasti dari pelanggan Anda? Modul AR Invoice Exchange atau Kontrabond Piutang adalah solusinya!

Video tutorial ini...",https://www.youtube.com/watch?v=B8JeNa9YHe4,Sivensys ERP,Sivensys ERP,254.0,12,,
a-6zojzrRjU,Tutorial Financial - AR Invoice (tanpa Sales Order),"Ada transaksi yang langsung memunculkan piutang seperti tagihan jasa, sewa, atau transaksi non-penjualan barang? Anda tidak perlu membuat Sales Order! 📝

Video tutorial ini akan memandu...",https://www.youtube.com/watch?v=a-6zojzrRjU,Sivensys ERP,Sivensys ERP,531.0,9,,
6_i4OEsjN94,Tutorial Financial - AR Invoice,"Setelah barang terkirim, langkah selanjutnya adalah menerbitkan Faktur Penjualan atau AR Invoice yang akurat kepada pelanggan! 🧾

Video tutorial ini akan memandu Anda langkah demi langkah...",https://www.youtube.com/watch?v=6_i4OEsjN94,Sivensys ERP,Sivensys ERP,627.0,10,,
bG8Hq7jko1A,Tutorial Sales Order - Sales Order Return,"Proses pengiriman adalah langkah krusial setelah transaksi penjualan dikonfirmasi. Bagaimana Anda memastikan setiap barang terkirim dengan benar sesuai pesanan? 📦

Video tutorial ini akan...",https://www.youtube.com/watch?v=bG8Hq7jko1A,Sivensys ERP,Sivensys ERP,504.0,10,,
RVhWmWdH8C4,Tutorial Sales Order - Sales Order Shipment,"Proses pengiriman adalah langkah krusial setelah transaksi penjualan dikonfirmasi. Bagaimana Anda memastikan setiap barang terkirim dengan benar sesuai pesanan? 📦

Video tutorial ini akan...",https://www.youtube.com/watch?v=RVhWmWdH8C4,Sivensys ERP,Sivensys ERP,551.0,7,,
XUnzKWC5zlw,Tutorial Sales Order - Sales Order Credit,"Bagaimana cara Anda mengelola penjualan yang menggunakan sistem pembayaran jatuh tempo atau kredit? 💰

Video tutorial ini akan memandu Anda langkah demi langkah menggunakan modul Sales Order...",https://www.youtube.com/watch?v=XUnzKWC5zlw,Sivensys ERP,Sivensys ERP,414.0,5,,
lYU1l2mES1s,Tutorial Sales Order - Sales Order Cash,"Bagaimana cara mencatat transaksi penjualan tunai (Cash Sales Order) di mana pembayaran diterima di muka atau saat barang diserahkan? 💵

Video tutorial ini akan memandu Anda langkah demi...",https://www.youtube.com/watch?v=lYU1l2mES1s,Sivensys ERP,Sivensys ERP,454.0,9,,
LMXyZe9gqBM,Tutorial Sales Order - PO Customer,"Bagaimana cara mencatat dan melacak Purchase Order (PO) yang dikirim oleh pelanggan Anda ke dalam sistem ERP? 🤔

Video tutorial ini akan memandu Anda langkah demi langkah menggunakan modul...",https://www.youtube.com/watch?v=LMXyZe9gqBM,Sivensys ERP,Sivensys ERP,303.0,13,,
1v0P2TCVEU0,Tutorial Sales Order - Payment Methode,"Menjamin setiap transaksi penjualan tercatat akurat dengan metode pembayaran yang benar adalah kunci keuangan yang sehat! 🔑

Video tutorial ini akan memandu Anda langkah demi langkah menggunakan...",https://www.youtube.com/watch?v=1v0P2TCVEU0,Sivensys ERP,Sivensys ERP,172.0,9,,
g3QixHxv6Ow,Tutorial Sales Order - Price List by Qty,"Ingin menerapkan harga atau diskon bertingkat yang otomatis berdasarkan kuantitas pembelian? 🚀

Video tutorial ini akan memandu Anda langkah demi langkah menggunakan fitur Price List by...",https://www.youtube.com/watch?v=g3QixHxv6Ow,Sivensys ERP,Sivensys ERP,313.0,7,,
cqzPFx8ZSN8,Tutorial Sales Order - Price List Master,"Bingung cara mengatur daftar harga (price list) yang fleksibel, terperinci, dan terkontrol di sistem ERP Anda? 🤯

Video tutorial ini akan memandu Anda langkah demi langkah menggunakan modul...",https://www.youtube.com/watch?v=cqzPFx8ZSN8,Sivensys ERP,Sivensys ERP,201.0,12,,
IK6EXlzOYDo,Tutorial Financial - AP Payment (Type Giro) & Giro Confirm,"Video ini adalah panduan spesifik yang membahas modul AP Payment menggunakan Tipe Pembayaran Bilyet Giro. Anda akan mempelajari seluruh alur pembayaran hutang kepada supplier menggunakan Giro,...",https://www.youtube.com/watch?v=IK6EXlzOYDo,Sivensys ERP,Sivensys ERP,467.0,14,,
SF3GBwAbsZo,Tutorial Financial - AP Invoice - AP Payment,"Selamat datang di tutorial SIVENSYS ERP!

Video ini adalah panduan lengkap mengenai modul AP Payment, yaitu langkah final dalam siklus pembelian kredit yang digunakan untuk mencatat dan memproses...",https://www.youtube.com/watch?v=SF3GBwAbsZo,Sivensys ERP,Sivensys ERP,870.0,17,,
qT48-RHzybw,Tutorial Finance - AP Invoice (tanpa PO & PO Receipt),"Selamat datang di tutorial SIVENSYS ERP!

Video ini membahas panduan lengkap membuat AP Invoice (Faktur Pembelian) khusus untuk transaksi yang tidak memiliki referensi Purchase Order (PO) maupun...",https://www.youtube.com/watch?v=qT48-RHzybw,Sivensys ERP,Sivensys ERP,387.0,22,,
8ijdBhSW0zY,Tutorial Financial - AP Invoice,"Halo SIVENSYS User!

Pelajari cara mudah dan cepat membuat serta memproses AP Invoice (Faktur Pembelian) di modul Financial SIVENSYS ERP. Dalam video ini, kami akan memandu Anda langkah demi...",https://www.youtube.com/watch?v=8ijdBhSW0zY,Sivensys ERP,Sivensys ERP,940.0,33,,
mcEbT76GRvk,Tutorial Basic Training Sivensys ERP,Selamat datang di video tutorial Sivensys ERP! Pelajari semua dasar-dasar penting untuk menavigasi dan memanfaatkan sistem ERP kami secara efisien. Video ini dirancang untuk memandu Anda langkah...,https://www.youtube.com/watch?v=mcEbT76GRvk,Sivensys ERP,Sivensys ERP,566.0,41,,
MhBAgYT98HY,Tutorial Distribution - Inspection,"Dalam video ini, kami memberikan panduan langkah demi langkah tentang cara menggunakan modul Inspeksi dalam sistem SIVENSYS ERP. Modul ini dirancang khusus untuk tim Quality Control (QC) untuk...",https://www.youtube.com/watch?v=MhBAgYT98HY,Sivensys ERP,Sivensys ERP,433.0,15,,
htCHoV2e1xI,Tutorial Distribution - Inventory - Inventory Issue (Lot atau non Lot),Pelajari cara menggunakan modul Pengeluaran Inventaris di sistem SIVENSYS ERP! Modul ini dirancang untuk mengeluarkan stok secara langsung dari gudang Anda tanpa melalui proses penjualan atau...,https://www.youtube.com/watch?v=htCHoV2e1xI,Sivensys ERP,Sivensys ERP,315.0,23,,
wYQyqTUxn3g,Tutorial Distribution - Inventory - Inventory Balance Report,"Ingin melacak setiap pergerakan stok barang di gudang Anda? Video ini akan memandu Anda menggunakan modul Laporan Saldo Inventaris di sistem Seven Sys. Laporan ini berfungsi seperti buku besar,...",https://www.youtube.com/watch?v=wYQyqTUxn3g,Sivensys ERP,Sivensys ERP,159.0,12,,
fmJs0FKiO6A,Tutorial Distribution - Inventory - Inventory Report,"Pelajari cara menggunakan modul Laporan Inventaris di sistem SIVENSYS ERP! Video ini adalah panduan lengkap untuk memantau stok dan inventaris perusahaan Anda secara real-time.

Apa yang akan...",https://www.youtube.com/watch?v=fmJs0FKiO6A,Sivensys ERP,Sivensys ERP,329.0,12,,
DvE93J0HYzw,Tutorial Distribution - Purchase Order - Purchase Return,Video ini adalah tutorial mendetail tentang modul Retur Pembelian (Purchase Return) di sistem SIVENSYS ERP. Modul ini digunakan untuk mencatat pengembalian barang secara sebagian atau keseluruhan...,https://www.youtube.com/watch?v=DvE93J0HYzw,Sivensys ERP,Sivensys ERP,493.0,21,,
tWm7N_sXy28,Tutorial Distribution - Purchase Order - Purchase Receipt,Video ini adalah panduan komprehensif tentang modul Penerimaan Pembelian (Purchase Receipt) di sistem SIVENSYS ERP. Pelajari cara mencatat penerimaan barang atau penyelesaian layanan berdasarkan...,https://www.youtube.com/watch?v=tWm7N_sXy28,Sivensys ERP,Sivensys ERP,618.0,25,,
YLtS59Xnkag,Tutorial Distribution - Purchase Order (Non Approval (Credit)),"Video ini adalah panduan mendetail tentang modul Purchase Order (PO Kredit) di sistem SIVENSYS ERP. Anda akan memahami perbedaan antara PO tunai dan kredit, serta cara memproses pembelian barang...",https://www.youtube.com/watch?v=YLtS59Xnkag,Sivensys ERP,Sivensys ERP,860.0,41,,
swm_w9UrmZI,Tutorial Distribution - Purchase Order (Non Approval (Cash)),"Video ini adalah panduan lengkap tentang modul Purchase Order (PO) Tunai di sistem SIVENSYS ERP. Pelajari alur proses PO tunai mulai dari pemberian uang muka, pembelian, hingga realisasi biaya...",https://www.youtube.com/watch?v=swm_w9UrmZI,Sivensys ERP,Sivensys ERP,790.0,12,,
5sS646wsjQM,Tutorial Financial - Cash Management - Disbursement Realization,"Video ini merupakan panduan lengkap tentang modul Realisasi Pencairan di sistem Sivensys ERP, yang dirancang untuk mengaktualisasikan klaim biaya dari permintaan pencairan tipe uang muka (kasbon)....",https://www.youtube.com/watch?v=5sS646wsjQM,Sivensys ERP,Sivensys ERP,569.0,6,,
o6WXCR3K8xA,Tutorial Financial - Cash Management - Disbursement Voucher,Video ini adalah tutorial mendalam tentang cara menggunakan modul Disbursement Voucher (DV) di sistem Sivensys ERP. Modul ini berfungsi untuk mencairkan dana dari permintaan pencairan (Disbursement...,https://www.youtube.com/watch?v=o6WXCR3K8xA,Sivensys ERP,Sivensys ERP,457.0,6,,
YvDC3tRnVwc,Tutorial Distribution - Inventory - Inventory Request (Non E-Approval),Video ini adalah panduan lengkap untuk menggunakan modul Permintaan Inventaris Tanpa Persetujuan (Non Approval) di sistem Sivensys ERP. Modul ini memungkinkan Anda untuk dengan cepat mencatat...,https://www.youtube.com/watch?v=YvDC3tRnVwc,Sivensys ERP,Sivensys ERP,278.0,7,,
iguLGD6y4wQ,Tutorial Distribution - Inventory - Inventory Request (E-Approval),"Modul ini dirancang untuk mendokumentasikan perpindahan barang antar lokasi, baik antar cabang maupun di dalam satu cabang, dengan menambahkan lapisan persetujuan berdasarkan alur kerja (workflow)...",https://www.youtube.com/watch?v=iguLGD6y4wQ,Sivensys ERP,Sivensys ERP,860.0,26,,
mwZpoPW4c_A,Tutorial Distribution - Inventory - Inventory Transfer Issue (Item with Lot Serial & Non Lot Serial),"elajari secara mendalam cara mengelola transfer barang antar gudang untuk item yang memiliki nomor lot menggunakan Sivensys ERP. Dalam video ini, kami akan memandu Anda melalui:
- Pentingnya...",https://www.youtube.com/watch?v=mwZpoPW4c_A,Sivensys ERP,Sivensys ERP,530.0,7,,
8ZAbH9do7Z0,Tutorial Distribution - Inventory - Inventory Transfer Issue (From Inventory Request),"Dalam video ini, kami akan membahas secara mendalam cara membuat Inventory Transfer Issue berdasarkan Inventory Request (IR) menggunakan software Sivensys ERP. Kami akan menunjukkan kepada...",https://www.youtube.com/watch?v=8ZAbH9do7Z0,Sivensys ERP,Sivensys ERP,476.0,10,,
wCkpPb81WPE,Tutorial Distribution - Inventory - Inventory Transfer Issue,"Video ini adalah panduan tutorial tentang modul Penerbitan Transfer Inventaris di sistem SIVENSYS.

Pelajari cara menggunakan modul ini untuk mencatat pergerakan barang antar lokasi, cabang,...",https://www.youtube.com/watch?v=wCkpPb81WPE,Sivensys ERP,Sivensys ERP,351.0,11,,
F_81VK0yWfk,Tutorial Financial - Cash Management - Disbursement Request,"Video ini adalah panduan tutorial tentang modul Permintaan Pencairan Dana (Disbursement Request) di dalam sistem SIVENSYS ERP.

Pelajari cara menggunakan modul ini untuk mencatat permintaan...",https://www.youtube.com/watch?v=F_81VK0yWfk,Sivensys ERP,Sivensys ERP,771.0,11,,
Nh1D7Q7Ko9s,Tutorial Distribution - Purchase Requisition (With e-Approval),"Video ini membahas tuntas modul Purchase Requisition (PR) dengan fitur e-Approval pada software Sivensys ERP. Anda akan dipandu langkah demi langkah untuk mengajukan permintaan pembelian barang,...",https://www.youtube.com/watch?v=Nh1D7Q7Ko9s,Sivensys ERP,Sivensys ERP,365.0,13,,
EBX-1oZxxts,Tutorial Distribution - Purchase Requisition (Non Approval),Video ini akan memandu Anda secara mendalam tentang modul Purchase Requisition (Non Approval) di perangkat lunak Sivensys ERP. Modul ini dirancang khusus untuk mempercepat proses permintaan...,https://www.youtube.com/watch?v=EBX-1oZxxts,Sivensys ERP,Sivensys ERP,325.0,19,,
i0u01tlVVp4,Tutorial Financial - Cost Management - Item Cost,"Ingin melacak biaya item secara detail? Video ini adalah panduan lengkap Anda untuk Modul Item Cost V2 di sistem SIVENSYS ERP, yang memungkinkan Anda melihat dan mengelola biaya berdasarkan...",https://www.youtube.com/watch?v=i0u01tlVVp4,Sivensys ERP,Sivensys ERP,269.0,13,,
EeYb3ma2HfA,Tutorial  Financial - Multiple Currency - Exchange Rate,"Apakah bisnis Anda melakukan transaksi internasional? Video ini adalah panduan esensial untuk Modul Exchange Rate di sistem SIVENSYS ERP, yang memastikan setiap transaksi mata uang asing dihitung...",https://www.youtube.com/watch?v=EeYb3ma2HfA,Sivensys ERP,Sivensys ERP,252.0,10,,
HIEmlq5Va1M,Tutorial Financial - Multiple Currency - Currency,"Apakah bisnis Anda berurusan dengan mata uang asing? Video ini adalah panduan lengkap Anda untuk Modul Currency di sistem SIVENSYS ERP, yang dirancang untuk mengelola berbagai mata uang dengan...",https://www.youtube.com/watch?v=HIEmlq5Va1M,Sivensys ERP,Sivensys ERP,269.0,6,,
Zvnjb5Gf_Qw,Tutorial Financial - Multiple Currency - Bank,"Ingin mengelola data rekening bank perusahaan Anda dengan mudah? Video ini adalah panduan lengkap Anda untuk Modul Bank di sistem SIVENSYS ERP!

Apa itu Modul Bank?
Modul Bank digunakan untuk...",https://www.youtube.com/watch?v=Zvnjb5Gf_Qw,Sivensys ERP,Sivensys ERP,219.0,9,,
Nzqw7nhCtqk,Tutorial  Financial - General Ledger - GL Calendar,"Ingin memastikan transaksi keuangan Anda tercatat di periode yang tepat? Video ini adalah panduan lengkap Anda untuk Modul GL Calendar di sistem SIVENSYS!

Apa itu GL Calendar?
Modul GL Calendar...",https://www.youtube.com/watch?v=Nzqw7nhCtqk,Sivensys ERP,Sivensys ERP,280.0,24,,
ZSFNXUzgmIQ,Tutorial  Financial - General Ledger - Cost Center,"Ingin melacak dan mengontrol biaya di setiap departemen? Video ini adalah panduan lengkap Anda untuk Modul Cost Center di perangkat lunak Sivensys ERP!

Apa itu Cost Center?
Cost Center adalah...",https://www.youtube.com/watch?v=ZSFNXUzgmIQ,Sivensys ERP,Sivensys ERP,204.0,15,,
E5RHqh3XhR8,Tutorial  Financial - General Ledger - Project Account,Ingin mengelola biaya proyek dengan lebih efektif? Video ini adalah panduan lengkap Anda! Kami akan menunjukkan cara menggunakan Modul Project Account di sistem SIVENSYS ERP untuk mencatat...,https://www.youtube.com/watch?v=E5RHqh3XhR8,Sivensys ERP,Sivensys ERP,177.0,12,,
pjHLJayxglI,Tutorial  Financial - General Ledger - Account,"Selamat datang di video tutorial Sivensys ERP! Tutorial ini adalah panduan lengkap untuk mengatur Chart of Account (Bagan Akun) dengan benar.

Dalam video ini, kami akan menunjukkan langkah...",https://www.youtube.com/watch?v=pjHLJayxglI,Sivensys ERP,Sivensys ERP,332.0,12,,
K7v6FGdliF4,Tutorial  Financial - General Ledger - Entity,"Video tutorial ini akan memandu Anda untuk menggunakan modul ""Entity"" di sistem SIVENSYS. Pelajari cara mengelola identitas perusahaan Anda dengan benar untuk pencatatan transaksi dan dokumentasi...",https://www.youtube.com/watch?v=K7v6FGdliF4,Sivensys ERP,Sivensys ERP,175.0,11,,
y_bBwxYjvAQ,Tutorial Master Data - Taxes - Tax Rate,"Ingin memastikan perhitungan PPN dan PPh Anda selalu akurat? Video tutorial ini adalah panduan praktis tentang cara menggunakan modul ""Tax Rate"" di SIVENSYS ERP. Pelajari bagaimana mengatur...",https://www.youtube.com/watch?v=y_bBwxYjvAQ,Sivensys ERP,Sivensys ERP,272.0,25,,
UDwT6pxmNOY,Tutorial Master Data - Taxes - Tax Class,"Apakah Anda sering bingung dengan berbagai jenis pajak dalam transaksi bisnis? Video ini adalah panduan lengkap untuk modul ""Tax Class"" di SIVENSYS ERP yang akan membantu Anda mengklasifikasikan...",https://www.youtube.com/watch?v=UDwT6pxmNOY,Sivensys ERP,Sivensys ERP,233.0,8,,
FDt5jbIKWAI,Tutorial Master Data - Address - Credit Limit Sales Person,"Dalam video tutorial ini, kami akan memandu Anda langkah demi langkah untuk menggunakan modul ""Credit Limit Sales Person"" di sistem SIVENSYS ERP. Pelajari cara mengelola dan mengatur batas...",https://www.youtube.com/watch?v=FDt5jbIKWAI,Sivensys ERP,Sivensys ERP,260.0,11,,
Fiqn5x-e6qg,Tutorial Master Data - Address - Credit Limit Customer,"Pelajari cara efektif mengelola dan mengubah batas kredit pelanggan di sistem SIVENSYS ERP. Dalam video tutorial ini, kami akan menjelaskan semua yang perlu Anda ketahui tentang modul ""Credit...",https://www.youtube.com/watch?v=Fiqn5x-e6qg,Sivensys ERP,Sivensys ERP,270.0,20,,
-9Vfuv5hHrs,Tutorial Master Data - Address - Customer Blacklist,Apakah Anda ingin tahu cara mengelola daftar pelanggan yang masuk daftar hitam (blacklist) di sistem SIVENSYS? Video ini adalah panduan lengkap untuk Anda! Kami akan menjelaskan secara detail...,https://www.youtube.com/watch?v=-9Vfuv5hHrs,Sivensys ERP,Sivensys ERP,205.0,7,,
-sPtCXAydh4,Tutorial Master Data - Address - Country,"Pastikan data alamat Anda akurat dengan mengelola Master Data Negara di SIVENSYS. Data ini adalah dasar untuk informasi pelanggan dan alamat lainnya. Dalam video ini, Anda akan belajar:

✅...",https://www.youtube.com/watch?v=-sPtCXAydh4,Sivensys ERP,Sivensys ERP,276.0,7,,
jnfhHOcFgFo,Tutorial Master Data - Address - Debt Collector,"Kuasai modul Debt Collector di SIVENSYS untuk memastikan data penagihan Anda akurat dan terintegrasi. Dalam tutorial singkat ini, Anda akan belajar:

✅ Cara Akses: Menemukan modul Debt Collector...",https://www.youtube.com/watch?v=jnfhHOcFgFo,Sivensys ERP,Sivensys ERP,130.0,8,,
xt3A4jiMNWQ,Tutorial Master Data - Address - Customer,"Pelajari cara mengelola data pelanggan Anda secara efisien dengan tutorial modul Pelanggan SIVENSYS kami! Video ini akan memandu Anda melalui langkah-langkah pencatatan data pelanggan, pengaturan...",https://www.youtube.com/watch?v=xt3A4jiMNWQ,Sivensys ERP,Sivensys ERP,470.0,10,,
j75Cv01jOnU,Tutorial Master Data - Address - Sales Person,"Ingin tahu cara mengelola data staf penjualan Anda di sistem SIVENSYS ERP? Video ini adalah panduan lengkap untuk modul Sales Person!

Dalam video ini, Anda akan mempelajari:
- Mengapa data...",https://www.youtube.com/watch?v=j75Cv01jOnU,Sivensys ERP,Sivensys ERP,174.0,13,,
4PhWAfbiFAw,Tutorial Master Data - Address - Sales Person Group,"Ingin tahu cara mengelompokkan staf penjualan Anda untuk analisis dan pelaporan yang lebih baik? Video ini adalah panduan lengkap untuk modul Sales Person Group dalam sistem SIVENSYS ERP!
...",https://www.youtube.com/watch?v=4PhWAfbiFAw,Sivensys ERP,Sivensys ERP,246.0,4,,
dnxMoFNHvrg,Tutorial Master Data - Address - Supplier,"Ingin tahu cara mengelola data pemasok Anda dengan mudah di sistem SIVENSYS ERP? Video ini adalah panduan lengkap untuk modul Supplier!

Dalam video ini, Anda akan mempelajari:
- Cara mengakses...",https://www.youtube.com/watch?v=dnxMoFNHvrg,Sivensys ERP,Sivensys ERP,333.0,9,,
zw8f9FcYWgo,Tutorial Master Data - Address - Credit Terms,"Ingin tahu cara mengatur syarat pembayaran untuk pelanggan dan pemasok di sistem SIVENSYS ERP? Video ini adalah panduan lengkap untuk modul Credit Terms!

Dalam video ini, Anda akan mempelajari:...",https://www.youtube.com/watch?v=zw8f9FcYWgo,Sivensys ERP,Sivensys ERP,363.0,6,,
Npw3iWv4hcc,Tutorial Master Data - Address - Patner Institution,Ingin tahu cara merekam informasi tentang lembaga atau organisasi tempat pelanggan Anda berafiliasi? Video ini adalah panduan lengkap untuk modul Partner Institution dalam sistem SIVENSYS ERP!...,https://www.youtube.com/watch?v=Npw3iWv4hcc,Sivensys ERP,Sivensys ERP,186.0,5,,
wYoO_blS4xE,Tutorial Master Data - Address - Partner Type,"Ingin tahu cara mengelompokkan mitra bisnis (pemasok dan pelanggan) di sistem SIVENSYS ERP? Video ini adalah panduan lengkap untuk modul Partner Type!

Dalam video ini, Anda akan mempelajari:...",https://www.youtube.com/watch?v=wYoO_blS4xE,Sivensys ERP,Sivensys ERP,301.0,5,,
SAbswfhCyoQ,Tutorial Master Data - Address - Partner Group,"Ingin tahu cara mengelompokkan pelanggan dan pemasok Anda secara efektif di SIVENSYS ERP? Video ini adalah panduan lengkap Anda!

Kami akan membahas langkah demi langkah bagaimana menggunakan...",https://www.youtube.com/watch?v=SAbswfhCyoQ,Sivensys ERP,Sivensys ERP,266.0,7,,
4H2K8xv-ed4,Tutorial Master Data - Item - Unit Measure Conversion,"Video ini adalah panduan singkat cara menggunakan modul Unit Measure Conversion pada aplikasi Sivensys ERP. Modul ini memungkinkan Anda mendaftarkan dan mengelola konversi satuan barang, yang...",https://www.youtube.com/watch?v=4H2K8xv-ed4,Sivensys ERP,Sivensys ERP,268.0,20,,
YqZ_npLqrHo,Tutorial Master Data - Item - Item Master,"Video tutorial ini memandu Anda menggunakan modul Item Master di Sivensys ERP, pusat manajemen data barang yang memengaruhi proses pembelian, penjualan, hingga manufaktur.

Pelajari cara:
✅...",https://www.youtube.com/watch?v=YqZ_npLqrHo,Sivensys ERP,Sivensys ERP,579.0,15,,
9AutL6-GjMA,Tutorial Master Data - Item - Product Line,"Kuasai modul Product Line di sistem Sivensys ERP! Video ini memberikan panduan ringkas namun lengkap tentang cara mengatur aturan untuk pemrosesan akuntansi otomatis pada setiap transaksi,...",https://www.youtube.com/watch?v=9AutL6-GjMA,Sivensys ERP,Sivensys ERP,241.0,12,,
t3pWcwyzTqQ,Tutorial Master Data - Item - Unit Measure,"Pelajari cara mudah mengelola satuan ukuran (Unit Measure) untuk item di sistem Sivensys ERP! Video ini memberikan panduan ringkas namun lengkap yang mencakup:
- Cara mengakses modul Unit Measure....",https://www.youtube.com/watch?v=t3pWcwyzTqQ,Sivensys ERP,Sivensys ERP,135.0,6,,
7IO6XmEqzFY,Tutorial Master Data - Item - Item Status,"Kuasai modul Item Status di sistem Sivensys ERP untuk mengontrol transaksi dan hak akses item. Video ini memberikan panduan lengkap tentang cara membuat status baru, mengatur pembatasan transaksi,...",https://www.youtube.com/watch?v=7IO6XmEqzFY,Sivensys ERP,Sivensys ERP,324.0,10,,
23fp0EbzWTg,Tutorial Master Data - Item - Item Class,"Ingin mengelompokkan item berdasarkan kelas seperti Low, Middle, atau Premium? Tonton tutorial ini untuk menguasai modul Item Class di sistem Sivensys ERP! Video ini menjelaskan cara:
- Mengakses...",https://www.youtube.com/watch?v=23fp0EbzWTg,Sivensys ERP,Sivensys ERP,162.0,10,,
_-C_YEcvSU8,Tutorial Master Data - Item - Item Group,"Ingin mengelompokkan item untuk laporan yang lebih rapi? Tonton tutorial ini dan kuasai modul Item Group di sistem Sivensys ERP!

Video ini mencakup:
- Pengertian dan fungsi Item Group
- Navigasi...",https://www.youtube.com/watch?v=_-C_YEcvSU8,Sivensys ERP,Sivensys ERP,135.0,14,,
1Al-f73YX7M,Tutorial Master Data - Item - Item Packaging,"Video ini adalah panduan singkat namun komprehensif tentang cara menggunakan modul ""Item Packaging"" di sistem Sivensys ERP. Modul ini penting untuk efisiensi logistik dan inventaris. Anda akan...",https://www.youtube.com/watch?v=1Al-f73YX7M,Sivensys ERP,Sivensys ERP,129.0,9,,
g0HmWTsPU1o,Tutorial Master Data - Site - Location,"Selamat datang di panduan komprehensif tentang modul ""Location"" dari sistem Sivensys ERP. Modul ini adalah unit terkecil dalam struktur gudang Anda, dan video ini akan membantu Anda mengoptimalkan...",https://www.youtube.com/watch?v=g0HmWTsPU1o,Sivensys ERP,Sivensys ERP,149.0,14,,
LUMviQOYwrk,Tutorial Master Data - Site - Location Category,"Ingin tahu cara mudah mengelola kategori lokasi di sistem Sivensys ERP? Tonton tutorial ini! Kami jelaskan langkah-langkahnya, mulai dari membuat, mengedit, hingga menghapus kategori lokasi...",https://www.youtube.com/watch?v=LUMviQOYwrk,Sivensys ERP,Sivensys ERP,117.0,6,,
XRQO2LBruo4,Tutorial Master Data - Site - Location Type,"Video ini adalah tutorial tentang cara menggunakan modul ""Location Type"" di sistem Sivensys ERP. Modul ini adalah bagian penting dari manajemen gudang yang memungkinkan Anda mengelompokkan...",https://www.youtube.com/watch?v=XRQO2LBruo4,Sivensys ERP,Sivensys ERP,200.0,6,,
LIUCeRtQm7E,Tutorial Master Data - Site - Warehouse,"Video ini adalah tutorial tentang cara menggunakan modul ""Warehouse"" di sistem Sivensys ERP. Modul ini adalah pusat untuk mengelola lokasi penyimpanan item Anda dan merupakan fondasi penting...",https://www.youtube.com/watch?v=LIUCeRtQm7E,Sivensys ERP,Sivensys ERP,131.0,7,,
gLW4obpz7nM,Tutorial Master Data - Site - Warehouse Category,"Video ini adalah tutorial tentang cara menggunakan modul ""Warehouse Category"" di sistem Sivensys ERP. Modul ini berfungsi untuk mengelompokkan gudang berdasarkan kondisi stok, seperti:
- Standard:...",https://www.youtube.com/watch?v=gLW4obpz7nM,Sivensys ERP,Sivensys ERP,117.0,6,,
TWZ6nD2gaQ4,Tutorial Master Data - Site - Warehouse type,"Video ini adalah tutorial tentang cara menggunakan modul ""Warehouse Type"" di sistem Sivensys ERP. Modul ini berfungsi untuk mendefinisikan berbagai tipe gudang berdasarkan fungsinya, seperti...",https://www.youtube.com/watch?v=TWZ6nD2gaQ4,Sivensys ERP,Sivensys ERP,112.0,10,,
8ekGoIVtPcw,Tutorial Master Data - Company - Transaction Location Default,"Video ini adalah tutorial tentang cara menggunakan modul ""Form Location Default Setting"" di sistem Sivensys ERP. Modul ini dirancang untuk mengatur lokasi default secara otomatis pada berbagai...",https://www.youtube.com/watch?v=8ekGoIVtPcw,Sivensys ERP,Sivensys ERP,173.0,28,,
iaiEyL7xUJE,Tutorial Master Data - Company - transaction code setting,"Video ini adalah tutorial tentang cara menggunakan modul ""Transaction Code Setting"" di sistem Sivensys ERP. Modul ini berfungsi untuk mengatur format penomoran kode transaksi, yang penting...",https://www.youtube.com/watch?v=iaiEyL7xUJE,Sivensys ERP,Sivensys ERP,306.0,20,,
0s2fC_449GM,Tutorial Master Data - Company - Document Approval,"Video ini adalah tutorial tentang cara menggunakan modul ""Document Approval"" di sistem Sivensys ERP. Modul ini memungkinkan Anda untuk mengatur tanda tangan digital pada dokumen yang akan dicetak....",https://www.youtube.com/watch?v=0s2fC_449GM,Sivensys ERP,Sivensys ERP,136.0,14,,
f2lzed9EJNM,Tutorial Master Data - Company - Routing Approval,"Video ini adalah tutorial lengkap tentang cara menggunakan modul ""Routing Approval"" di sistem Sivensys ERP. Modul ini memungkinkan persetujuan transaksi digital atau e-approval yang fleksibel...",https://www.youtube.com/watch?v=f2lzed9EJNM,Sivensys ERP,Sivensys ERP,289.0,24,,
sGPWI1gsyKw,Tutorial Master Data - Company - Employee Position,"Ingin tahu cara mengelola dan menstandardisasi jabatan karyawan di perusahaan Anda?

Video ini adalah panduan lengkap Anda untuk menggunakan modul Employee's Position pada sistem SIVENSYS ERP!...",https://www.youtube.com/watch?v=sGPWI1gsyKw,Sivensys ERP,Sivensys ERP,203.0,12,,
CmezTg6RR0o,Tutorial Master Data - Company - Employee,"Ingin tahu cara mengelola data karyawan perusahaan Anda dengan mudah dan terorganisir?

Video ini adalah panduan lengkap Anda untuk menggunakan modul Employee pada sistem SIVENSYS! Kami akan...",https://www.youtube.com/watch?v=CmezTg6RR0o,Sivensys ERP,Sivensys ERP,183.0,23,,
jUUwXHfe3p4,Tutorial Master Data - Company - Regional,"Ingin tahu cara mengelola data wilayah perusahaan Anda dengan mudah?

Video ini adalah panduan lengkap Anda untuk menggunakan modul Region pada aplikasi SIVENSYS ERP! Kami akan memandu Anda...",https://www.youtube.com/watch?v=jUUwXHfe3p4,Sivensys ERP,Sivensys ERP,289.0,16,,
8LXmN-sXwfU,Tutorial Master Data - Company - Divisi,"Ingin tahu cara mengelola data divisi perusahaan Anda dengan efektif?

Video ini adalah panduan lengkap Anda untuk menggunakan modul Divisi pada sistem SIVENSYS ERP! Kami akan memandu Anda...",https://www.youtube.com/watch?v=8LXmN-sXwfU,Sivensys ERP,Sivensys ERP,253.0,16,,
0cy_v2DtMgA,Tutorial Master Data - Company - Departement,"Ingin tahu cara mengelola struktur organisasi Anda dengan efisien?

Video ini adalah panduan lengkap untuk menggunakan modul Department di sistem Sivensys ERP! Kami akan memandu Anda langkah...",https://www.youtube.com/watch?v=0cy_v2DtMgA,Sivensys ERP,Sivensys ERP,171.0,17,,
fzYDKrZ3WqY,Tutorial Master Data - Company - Branch,"Bingung cara mengelola data cabang perusahaan Anda?

Video ini adalah panduan lengkap Anda! Kami akan menunjukkan cara menggunakan modul Branch pada SIVENSYS ERP untuk mengelola data cabang...",https://www.youtube.com/watch?v=fzYDKrZ3WqY,Sivensys ERP,Sivensys ERP,223.0,18,,
8F8d7CDC0Gw,Tutorial Master Data - Company - Branch Type,"Bingung cara mengelola jenis-jenis cabang perusahaan Anda?

Video ini adalah panduan lengkap Anda! Kami akan menunjukkan cara menggunakan modul Branch Type pada Sivensys ERP untuk mengelola...",https://www.youtube.com/watch?v=8F8d7CDC0Gw,Sivensys ERP,Sivensys ERP,135.0,22,,
ndkrsHO-NTY,Tutorial Master Data - Company - Company Address,"Ingin tahu cara mengelola data alamat dan identitas perusahaan Anda dengan cepat dan mudah?

Tonton video ini! Kami akan memandu Anda langkah demi langkah menggunakan modul Company Address...",https://www.youtube.com/watch?v=ndkrsHO-NTY,Sivensys ERP,Sivensys ERP,111.0,40,,
